{
    "loss": 4.829964637756348,
    "accuracy": 0.4313725531101227
}