{
    "loss": 29.50986671447754,
    "accuracy": 0.5686274766921997
}